19:25;BME280;25.51 ; 101008.09 ; 41.69 
19:25;BME280;25.51 ; 100999.97 ; 41.77 
19:26;BME280;25.47 ; 101007.55 ; 41.95 
19:26;BME280;25.49 ; 101005.55 ; 41.22 
19:27;BME280;25.50 ; 101011.81 ; 42.00 
19:27;BME280;25.50 ; 101007.25 ; 41.78 
19:28;BME280;25.49 ; 101005.55 ; 41.98 
19:28;BME280;25.49 ; 101016.38 ; 41.90 
19:29;BME280;25.45 ; 101006.86 ; 42.20 
19:29;BME280;25.48 ; 101009.27 ; 42.01 
19:29;BME280;25.49 ; 101015.53 ; 42.00 
19:29;BME280;25.50 ; 101014.52 ; 42.28 
19:29;BME280;25.49 ; 101010.13 ; 42.02 
19:29;BME280;25.48 ; 101006.56 ; 42.04 
19:30;BME280;25.48 ; 101006.56 ; 42.14 
19:30;BME280;25.49 ; 101004.70 ; 42.05 
19:30;BME280;25.49 ; 101010.13 ; 42.24 
19:30;BME280;25.49 ; 101012.83 ; 41.99 
19:30;BME280;25.46 ; 101011.27 ; 42.03 
19:31;BME280;25.48 ; 101008.39 ; 42.17 
19:31;BME280;25.50 ; 101011.81 ; 41.96 
19:31;BME280;25.48 ; 101011.10 ; 42.15 
19:31;BME280;25.48 ; 101008.39 ; 41.99 
19:31;BME280;25.49 ; 101010.13 ; 42.04 
19:31;BME280;25.49 ; 101002.84 ; 42.24 
19:32;BME280;25.49 ; 101000.14 ; 42.09 
19:32;BME280;25.50 ; 101006.41 ; 42.04 
19:32;BME280;25.52 ; 100996.26 ; 41.98 
19:32;BME280;25.53 ; 101006.08 ; 42.05 
19:32;BME280;25.53 ; 100997.95 ; 42.08 
19:32;BME280;25.53 ; 100997.95 ; 42.03 
19:33;BME280;25.56 ; 101005.77 ; 41.66 
19:33;BME280;25.56 ; 100997.66 ; 41.84 
19:33;BME280;25.56 ; 101000.36 ; 41.79 
19:33;BME280;25.57 ; 101004.77 ; 41.76 
19:33;BME280;25.55 ; 101006.78 ; 41.90 
19:33;BME280;25.59 ; 101008.19 ; 41.89 
19:34;BME280;25.59 ; 101008.19 ; 41.90 
19:34;BME280;25.60 ; 101007.17 ; 42.41 
19:34;BME280;25.60 ; 100996.34 ; 42.10 
19:34;BME280;25.62 ; 101008.70 ; 42.00 
19:34;BME280;25.63 ; 100998.75 ; 41.89 
19:34;BME280;25.62 ; 101002.44 ; 41.74 
19:35;BME280;25.61 ; 101003.45 ; 41.87 
19:35;BME280;25.62 ; 101002.44 ; 41.80 
19:35;BME280;25.62 ; 100994.31 ; 41.82 
19:35;BME280;25.63 ; 101006.88 ; 41.76 
19:35;BME280;25.62 ; 101005.14 ; 41.97 
19:35;BME280;25.62 ; 101007.86 ; 42.02 
19:36;BME280;25.63 ; 100996.05 ; 41.37 
19:36;BME280;25.64 ; 101003.16 ; 41.82 
19:36;BME280;25.63 ; 100996.89 ; 41.78 
19:36;BME280;25.64 ; 101005.86 ; 41.77 
19:36;BME280;25.64 ; 101012.13 ; 42.14 
19:36;BME280;25.63 ; 101006.88 ; 42.06 
19:37;BME280;25.62 ; 101008.70 ; 42.13 
19:37;BME280;25.62 ; 101002.44 ; 41.99 
19:37;BME280;25.62 ; 101006.00 ; 42.04 
19:37;BME280;25.65 ; 101010.27 ; 42.06 
19:37;BME280;25.68 ; 101004.55 ; 41.81 
19:37;BME280;25.69 ; 101006.25 ; 41.81 
19:38;BME280;25.72 ; 101005.06 ; 41.42 
19:38;BME280;25.70 ; 101007.09 ; 41.73 
19:38;BME280;25.71 ; 100997.95 ; 41.66 
19:38;BME280;25.72 ; 100999.66 ; 41.72 
19:38;BME280;25.72 ; 101000.50 ; 41.64 
19:38;BME280;25.72 ; 100997.79 ; 41.73 
19:39;BME280;25.72 ; 101002.36 ; 41.84 
19:39;BME280;25.73 ; 100999.52 ; 41.77 
19:39;BME280;25.72 ; 101000.50 ; 41.70 
19:39;BME280;25.74 ; 101001.21 ; 41.64 
19:39;BME280;25.77 ; 101002.77 ; 41.50 
19:39;BME280;25.76 ; 100995.66 ; 41.65 
19:40;BME280;25.81 ; 101004.17 ; 41.65 
19:40;BME280;25.79 ; 101001.63 ; 41.54 
19:40;BME280;25.80 ; 101003.32 ; 40.86 
19:40;BME280;25.81 ; 101004.17 ; 41.55 
19:40;BME280;25.79 ; 101003.48 ; 41.74 
19:40;BME280;25.81 ; 100994.18 ; 41.66 
19:41;BME280;25.83 ; 100997.59 ; 41.64 
19:41;BME280;25.85 ; 101010.98 ; 41.63 
19:41;BME280;25.85 ; 101003.70 ; 41.58 
19:41;BME280;25.85 ; 101000.14 ; 41.50 
19:41;BME280;25.85 ; 101003.70 ; 41.46 
19:41;BME280;25.85 ; 101002.85 ; 41.58 
19:42;BME280;25.86 ; 100996.42 ; 41.47 
19:42;BME280;25.86 ; 101008.10 ; 41.38 
19:42;BME280;25.86 ; 101002.69 ; 41.42 
19:42;BME280;25.87 ; 101015.25 ; 42.16 
19:42;BME280;25.86 ; 101008.10 ; 41.62 
19:42;BME280;25.88 ; 101000.69 ; 41.56 
19:43;BME280;25.88 ; 101000.69 ; 41.49 
19:43;BME280;25.86 ; 100997.27 ; 41.50 
19:43;BME280;25.87 ; 101007.12 ; 41.57 
19:43;BME280;25.86 ; 101010.81 ; 41.46 
19:43;BME280;25.88 ; 101000.69 ; 41.71 
19:43;BME280;25.90 ; 101008.64 ; 41.48 
19:44;BME280;25.90 ; 100997.81 ; 41.57 
19:44;BME280;25.91 ; 101004.08 ; 41.53 
19:44;BME280;25.91 ; 101007.63 ; 41.53 
19:44;BME280;25.92 ; 101005.77 ; 41.61 
19:44;BME280;25.91 ; 101009.49 ; 41.72 
19:44;BME280;25.91 ; 101004.08 ; 41.72 
19:45;BME280;25.88 ; 101013.38 ; 41.82 
19:45;BME280;25.88 ; 101006.11 ; 41.20 
19:45;BME280;25.87 ; 101007.12 ; 41.80 
19:45;BME280;25.85 ; 101000.98 ; 41.76 
19:45;BME280;25.87 ; 101004.41 ; 41.71 
19:45;BME280;25.87 ; 101004.41 ; 41.71 
19:46;BME280;25.91 ; 101002.22 ; 41.69 
19:46;BME280;25.91 ; 101004.92 ; 41.62 
19:46;BME280;25.92 ; 101003.94 ; 41.52 
19:46;BME280;25.91 ; 100996.80 ; 41.74 
19:46;BME280;25.92 ; 101005.77 ; 41.53 
19:46;BME280;25.92 ; 101005.77 ; 41.50 
19:47;BME280;25.92 ; 101001.23 ; 41.56 
19:47;BME280;25.91 ; 100995.95 ; 41.46 
19:47;BME280;25.92 ; 101005.77 ; 41.45 
19:47;BME280;25.92 ; 101009.36 ; 41.52 
19:47;BME280;25.92 ; 101011.19 ; 41.44 
19:47;BME280;25.93 ; 101007.50 ; 41.35 
19:48;BME280;25.93 ; 101002.92 ; 41.36 
19:48;BME280;25.92 ; 101001.23 ; 41.36 
19:48;BME280;25.93 ; 100996.66 ; 41.36 
19:48;BME280;25.94 ; 100998.36 ; 41.38 
19:48;BME280;25.96 ; 101007.16 ; 41.46 
19:48;BME280;25.89 ; 101007.80 ; 41.47 
19:49;BME280;25.88 ; 101008.81 ; 41.54 
19:49;BME280;25.86 ; 101002.69 ; 41.50 
19:49;BME280;25.87 ; 101003.56 ; 41.46 
19:49;BME280;25.87 ; 101003.56 ; 41.49 
19:49;BME280;25.85 ; 101000.98 ; 41.05 
19:49;BME280;25.87 ; 101001.70 ; 41.50 
19:50;BME280;25.87 ; 101004.41 ; 41.45 
19:50;BME280;25.86 ; 100994.55 ; 41.44 
19:50;BME280;25.86 ; 101002.69 ; 41.44 
19:50;BME280;25.85 ; 101000.98 ; 41.36 
19:50;BME280;25.86 ; 100996.42 ; 41.57 
19:50;BME280;25.86 ; 101002.69 ; 41.54 
19:51;BME280;25.87 ; 100998.14 ; 41.50 
19:51;BME280;25.86 ; 100997.27 ; 41.47 
19:51;BME280;25.88 ; 100999.84 ; 41.39 
19:51;BME280;25.89 ; 101007.80 ; 41.37 
19:51;BME280;25.86 ; 100997.27 ; 41.53 
19:51;BME280;25.86 ; 101002.69 ; 41.51 
19:52;BME280;25.87 ; 100998.14 ; 41.32 
19:52;BME280;25.86 ; 101002.69 ; 41.44 
19:52;BME280;25.85 ; 100995.57 ; 41.44 
19:52;BME280;25.86 ; 100999.13 ; 41.46 
19:52;BME280;25.84 ; 100999.30 ; 41.45 
19:52;BME280;25.86 ; 100997.27 ; 41.22 
19:53;BME280;25.87 ; 100993.58 ; 41.47 
19:53;BME280;25.88 ; 101000.69 ; 42.00 
19:53;BME280;25.87 ; 100996.28 ; 41.38 
19:53;BME280;25.87 ; 101006.27 ; 41.95 
19:53;BME280;25.85 ; 101003.70 ; 41.39 
19:53;BME280;25.86 ; 100994.55 ; 41.37 
19:54;BME280;25.87 ; 101001.70 ; 41.75 
19:54;BME280;25.89 ; 101002.38 ; 41.31 
19:54;BME280;25.86 ; 101004.55 ; 41.46 
19:54;BME280;25.86 ; 101005.39 ; 41.46 
19:54;BME280;25.87 ; 101004.41 ; 41.39 
19:54;BME280;25.87 ; 100996.28 ; 41.26 
19:55;BME280;25.87 ; 101007.12 ; 41.32 
19:55;BME280;25.89 ; 101001.53 ; 41.32 
19:55;BME280;25.89 ; 100996.12 ; 41.34 
19:55;BME280;25.89 ; 101002.38 ; 41.35 
19:55;BME280;25.84 ; 100996.59 ; 41.42 
19:55;BME280;25.83 ; 101008.44 ; 41.48 
19:56;BME280;25.82 ; 101008.57 ; 41.47 
19:56;BME280;25.81 ; 101001.45 ; 41.51 
19:56;BME280;25.81 ; 101007.72 ; 41.72 
19:56;BME280;25.80 ; 101003.32 ; 41.43 
19:56;BME280;25.82 ; 100997.73 ; 41.40 
19:56;BME280;25.82 ; 100998.61 ; 41.37 
19:57;BME280;25.83 ; 101000.31 ; 41.36 
19:57;BME280;25.83 ; 100994.05 ; 41.36 
19:57;BME280;25.84 ; 100987.61 ; 41.41 
19:57;BME280;25.82 ; 100998.61 ; 41.30 
19:57;BME280;25.84 ; 101009.28 ; 41.42 
19:57;BME280;25.84 ; 101009.28 ; 41.43 
19:58;BME280;25.83 ; 100997.59 ; 41.33 
19:58;BME280;25.82 ; 100993.20 ; 41.03 
19:58;BME280;25.80 ; 101002.47 ; 41.82 
19:58;BME280;25.80 ; 101002.47 ; 41.49 
19:58;BME280;25.81 ; 101002.30 ; 41.47 
19:58;BME280;25.83 ; 100999.46 ; 41.67 
19:59;BME280;25.81 ; 100994.18 ; 41.45 
19:59;BME280;25.80 ; 100992.48 ; 41.89 
19:59;BME280;25.78 ; 101002.64 ; 41.69 
19:59;BME280;25.79 ; 100990.79 ; 41.57 
19:59;BME280;25.79 ; 100992.66 ; 40.92 
19:59;BME280;25.79 ; 101001.63 ; 41.40 
20:00;BME280;25.79 ; 101007.04 ; 41.45 
20:00;BME280;25.79 ; 100993.50 ; 41.44 
20:00;BME280;25.82 ; 101005.86 ; 41.40 
20:00;BME280;25.82 ; 100993.20 ; 41.40 
20:00;BME280;25.83 ; 100997.59 ; 41.87 
20:00;BME280;25.81 ; 100991.47 ; 41.44 
20:01;BME280;25.82 ; 100990.48 ; 41.44 
20:01;BME280;25.83 ; 100997.59 ; 41.42 
20:01;BME280;25.84 ; 100993.88 ; 41.88 
20:01;BME280;25.85 ; 100994.72 ; 41.28 
20:01;BME280;25.86 ; 100997.27 ; 41.36 
20:01;BME280;25.83 ; 100992.18 ; 41.33 
20:02;BME280;25.85 ; 101000.98 ; 41.34 
20:02;BME280;25.85 ; 100990.16 ; 41.08 
20:02;BME280;25.84 ; 100993.88 ; 41.34 
20:02;BME280;25.81 ; 100998.75 ; 41.42 
20:02;BME280;25.78 ; 100997.22 ; 41.44 
20:02;BME280;25.79 ; 100989.94 ; 41.44 
20:03;BME280;25.76 ; 101001.92 ; 41.06 
20:03;BME280;25.78 ; 100989.09 ; 41.30 
20:03;BME280;25.79 ; 100989.94 ; 41.10 
20:03;BME280;25.79 ; 100990.79 ; 40.99 
20:03;BME280;25.81 ; 100996.89 ; 41.44 
20:03;BME280;25.81 ; 100994.18 ; 41.35 
20:04;BME280;25.79 ; 100990.79 ; 41.43 
20:04;BME280;25.76 ; 100996.51 ; 41.44 
20:04;BME280;25.76 ; 100993.80 ; 41.47 
20:04;BME280;25.78 ; 100986.39 ; 41.46 
20:04;BME280;25.79 ; 100998.06 ; 41.42 
20:04;BME280;25.80 ; 100991.64 ; 40.79 
20:05;BME280;25.76 ; 100996.51 ; 41.39 
20:05;BME280;25.73 ; 100991.39 ; 41.48 
20:05;BME280;25.73 ; 100999.52 ; 41.54 
20:05;BME280;25.71 ; 100993.39 ; 41.59 
20:05;BME280;25.73 ; 100994.09 ; 41.52 
20:05;BME280;25.72 ; 100995.08 ; 41.51 
20:06;BME280;25.72 ; 100997.79 ; 41.53 
20:06;BME280;25.73 ; 100995.96 ; 41.52 
20:06;BME280;25.73 ; 100993.25 ; 41.51 
20:06;BME280;25.72 ; 101000.50 ; 41.50 
20:06;BME280;25.73 ; 100999.52 ; 41.54 
20:06;BME280;25.71 ; 100993.39 ; 41.54 
20:07;BME280;25.72 ; 100991.52 ; 41.38 
20:07;BME280;25.73 ; 100996.81 ; 41.54 
20:07;BME280;25.73 ; 100996.81 ; 41.48 
20:07;BME280;25.71 ; 100996.09 ; 41.26 
20:07;BME280;25.72 ; 100994.23 ; 41.56 
20:07;BME280;25.73 ; 100990.55 ; 41.54 
20:08;BME280;25.73 ; 100995.96 ; 41.53 
20:08;BME280;25.74 ; 101001.21 ; 41.53 
20:08;BME280;25.75 ; 100997.52 ; 41.98 
20:08;BME280;25.73 ; 100994.09 ; 41.46 
20:08;BME280;25.76 ; 100992.95 ; 41.50 
20:08;BME280;25.74 ; 100993.09 ; 41.51 
20:09;BME280;25.74 ; 100995.80 ; 41.53 
20:09;BME280;25.72 ; 100999.66 ; 41.58 
20:09;BME280;25.70 ; 100993.55 ; 41.62 
20:09;BME280;25.66 ; 100998.42 ; 41.65 
20:09;BME280;25.66 ; 100995.71 ; 41.67 
20:09;BME280;25.68 ; 100991.02 ; 41.98 
20:10;BME280;25.69 ; 100991.86 ; 41.59 
20:10;BME280;25.67 ; 100994.70 ; 41.63 
20:10;BME280;25.66 ; 100995.71 ; 41.66 
20:10;BME280;25.67 ; 100997.41 ; 42.04 
20:10;BME280;25.69 ; 100995.41 ; 41.51 
20:10;BME280;25.69 ; 100995.41 ; 41.61 
20:11;BME280;25.67 ; 100997.41 ; 41.66 
20:11;BME280;25.65 ; 100994.02 ; 41.74 
20:11;BME280;25.63 ; 100993.34 ; 41.38 
20:11;BME280;25.63 ; 100996.05 ; 41.76 
20:11;BME280;25.64 ; 100992.32 ; 41.75 
20:11;BME280;25.66 ; 100993.00 ; 41.69 
20:12;BME280;25.67 ; 100994.70 ; 41.80 
20:12;BME280;25.67 ; 100991.99 ; 41.69 
20:12;BME280;25.69 ; 100998.13 ; 41.66 
20:12;BME280;25.68 ; 100993.72 ; 41.68 
20:12;BME280;25.69 ; 100989.15 ; 41.75 
20:12;BME280;25.67 ; 100994.70 ; 41.33 
20:13;BME280;25.65 ; 100988.60 ; 41.45 
20:13;BME280;25.68 ; 100993.72 ; 41.62 
20:13;BME280;25.67 ; 100994.70 ; 41.69 
20:13;BME280;25.67 ; 100991.99 ; 41.73 
20:13;BME280;25.65 ; 101002.14 ; 41.75 
20:13;BME280;25.65 ; 100994.02 ; 41.06 
20:14;BME280;25.66 ; 100993.00 ; 41.84 
20:14;BME280;25.68 ; 100995.58 ; 41.69 
20:14;BME280;25.67 ; 100996.56 ; 41.75 
20:14;BME280;25.67 ; 100991.99 ; 41.72 
20:14;BME280;25.69 ; 100995.41 ; 41.70 
20:14;BME280;25.69 ; 100998.13 ; 41.65 
20:15;BME280;25.66 ; 100995.71 ; 42.20 
20:15;BME280;25.66 ; 101001.13 ; 41.54 
20:15;BME280;25.64 ; 100997.73 ; 41.73 
20:15;BME280;25.64 ; 100992.32 ; 41.76 
20:15;BME280;25.65 ; 100994.02 ; 41.75 
20:15;BME280;25.65 ; 100999.44 ; 41.77 
20:16;BME280;25.66 ; 101000.28 ; 41.74 
20:16;BME280;25.66 ; 100995.71 ; 41.95 
20:16;BME280;25.67 ; 100994.70 ; 41.58 
20:16;BME280;25.67 ; 100997.41 ; 41.84 
20:16;BME280;25.66 ; 100990.30 ; 41.45 
20:16;BME280;25.66 ; 100994.87 ; 41.76 
20:17;BME280;25.65 ; 100996.72 ; 41.75 
20:17;BME280;25.63 ; 100996.89 ; 41.77 
20:17;BME280;25.64 ; 100992.32 ; 41.79 
20:17;BME280;25.61 ; 100995.33 ; 41.83 
20:17;BME280;25.62 ; 100999.73 ; 41.58 
20:17;BME280;25.65 ; 100999.44 ; 41.77 
20:18;BME280;25.62 ; 100997.88 ; 41.77 
20:18;BME280;25.64 ; 100985.05 ; 41.76 
20:18;BME280;25.67 ; 100997.41 ; 41.74 
20:18;BME280;25.68 ; 100991.02 ; 41.79 
20:18;BME280;25.69 ; 100995.41 ; 41.70 
20:18;BME280;25.69 ; 100994.56 ; 41.71 
20:19;BME280;25.70 ; 100994.40 ; 41.65 
20:19;BME280;25.70 ; 100997.11 ; 42.06 
20:19;BME280;25.72 ; 100989.66 ; 41.82 
20:19;BME280;25.71 ; 100992.54 ; 41.16 
20:19;BME280;25.71 ; 100996.09 ; 41.50 
20:19;BME280;25.70 ; 100988.98 ; 41.53 
20:20;BME280;25.71 ; 100989.83 ; 41.71 
20:20;BME280;25.70 ; 100988.14 ; 41.16 
20:20;BME280;25.68 ; 100996.42 ; 41.57 
20:20;BME280;25.70 ; 100994.40 ; 41.62 
20:20;BME280;25.72 ; 100991.52 ; 41.62 
20:20;BME280;25.72 ; 100994.23 ; 41.60 
20:21;BME280;25.69 ; 100989.15 ; 41.67 
20:21;BME280;25.68 ; 100992.88 ; 41.68 
20:21;BME280;25.66 ; 100992.16 ; 41.71 
20:21;BME280;25.68 ; 100992.88 ; 41.65 
20:21;BME280;25.69 ; 100998.13 ; 41.88 
20:21;BME280;25.70 ; 100988.98 ; 41.45 
20:22;BME280;25.72 ; 100992.38 ; 41.52 
20:22;BME280;25.72 ; 100995.08 ; 41.70 
20:22;BME280;25.74 ; 100992.23 ; 41.55 
20:22;BME280;25.74 ; 100989.53 ; 40.85 
20:22;BME280;25.71 ; 100987.13 ; 41.45 
20:22;BME280;25.70 ; 100988.98 ; 41.19 
20:23;BME280;25.70 ; 100990.84 ; 41.86 
20:23;BME280;25.70 ; 100986.27 ; 41.59 
20:23;BME280;25.67 ; 100991.14 ; 41.18 
20:23;BME280;25.68 ; 100993.72 ; 41.67 
20:23;BME280;25.69 ; 100990.00 ; 41.65 
20:23;BME280;25.66 ; 100993.00 ; 41.69 
20:24;BME280;25.64 ; 100992.32 ; 41.58 
20:24;BME280;25.64 ; 100998.59 ; 41.74 
20:24;BME280;25.67 ; 100991.99 ; 41.71 
20:24;BME280;25.68 ; 100992.88 ; 41.71 
20:24;BME280;25.70 ; 100990.84 ; 40.90 
20:24;BME280;25.67 ; 100991.99 ; 41.72 
20:25;BME280;25.64 ; 100998.59 ; 41.75 
20:25;BME280;25.67 ; 100999.27 ; 41.74 
20:25;BME280;25.67 ; 100989.28 ; 41.72 
20:25;BME280;25.65 ; 100988.60 ; 41.75 
20:25;BME280;25.65 ; 100980.48 ; 41.76 
20:25;BME280;25.60 ; 100989.06 ; 41.80 
20:26;BME280;25.59 ; 100991.94 ; 42.22 
20:26;BME280;25.58 ; 100987.53 ; 42.12 
20:26;BME280;25.57 ; 100978.53 ; 42.84 
20:26;BME280;25.57 ; 100983.95 ; 41.61 
20:26;BME280;25.58 ; 100988.39 ; 41.90 
20:27;BME280;25.58 ; 100998.37 ; 41.92 
20:27;BME280;25.58 ; 100985.67 ; 42.14 
20:27;BME280;25.58 ; 100987.53 ; 41.51 
20:27;BME280;25.60 ; 100991.77 ; 41.39 
20:27;BME280;25.60 ; 100993.64 ; 41.92 
20:27;BME280;25.58 ; 100990.25 ; 41.96 
20:28;BME280;25.59 ; 100984.66 ; 41.94 
20:28;BME280;25.62 ; 100986.20 ; 41.91 
20:28;BME280;25.61 ; 100989.91 ; 41.91 
20:28;BME280;25.62 ; 100988.91 ; 41.91 
20:28;BME280;25.62 ; 100991.61 ; 41.91 
20:28;BME280;25.61 ; 100993.47 ; 41.92 
20:29;BME280;25.61 ; 100981.80 ; 42.46 
20:29;BME280;25.61 ; 100990.77 ; 41.93 
20:29;BME280;25.59 ; 100984.66 ; 41.94 
20:29;BME280;25.58 ; 100987.53 ; 42.01 
20:29;BME280;25.59 ; 100987.38 ; 42.01 
20:29;BME280;25.60 ; 100993.64 ; 41.99 
20:30;BME280;25.59 ; 100995.50 ; 41.99 
20:30;BME280;25.61 ; 100995.33 ; 41.96 
20:30;BME280;25.62 ; 100992.45 ; 41.95 
20:30;BME280;25.63 ; 100988.77 ; 41.95 
20:30;BME280;25.64 ; 100992.32 ; 41.93 
20:30;BME280;25.63 ; 100991.48 ; 41.93 
20:31;BME280;25.63 ; 100991.48 ; 41.90 
20:31;BME280;25.61 ; 100995.33 ; 41.93 
20:31;BME280;25.57 ; 100986.66 ; 42.00 
20:31;BME280;25.59 ; 101000.91 ; 41.95 
20:31;BME280;25.60 ; 100997.19 ; 41.95 
20:31;BME280;25.61 ; 100987.20 ; 41.92 
20:32;BME280;25.61 ; 100995.33 ; 41.88 
20:32;BME280;25.64 ; 100987.75 ; 41.87 
20:32;BME280;25.63 ; 100988.77 ; 41.56 
20:32;BME280;25.66 ; 100995.71 ; 41.73 
20:32;BME280;25.66 ; 100990.30 ; 41.74 
20:32;BME280;25.68 ; 100995.58 ; 41.32 
20:33;BME280;25.69 ; 100995.41 ; 41.73 
20:33;BME280;25.69 ; 100999.98 ; 41.74 
20:33;BME280;25.69 ; 100995.41 ; 41.77 
20:33;BME280;25.67 ; 100993.85 ; 41.77 
20:33;BME280;25.67 ; 100989.28 ; 41.75 
20:33;BME280;25.68 ; 100991.02 ; 41.73 
20:34;BME280;25.69 ; 100997.27 ; 42.06 
20:34;BME280;25.70 ; 100993.55 ; 41.72 
20:34;BME280;25.71 ; 100987.13 ; 41.76 
20:34;BME280;25.70 ; 101002.52 ; 41.75 
20:34;BME280;25.71 ; 100998.80 ; 41.80 
20:34;BME280;25.72 ; 100992.38 ; 41.55 
20:35;BME280;25.73 ; 100995.96 ; 41.69 
20:35;BME280;25.72 ; 100989.66 ; 41.71 
20:35;BME280;25.73 ; 100991.39 ; 41.73 
20:35;BME280;25.73 ; 100999.52 ; 41.73 
20:35;BME280;25.74 ; 100993.09 ; 41.86 
20:35;BME280;25.74 ; 100997.66 ; 41.75 
20:36;BME280;25.74 ; 100981.41 ; 41.71 
20:36;BME280;25.75 ; 100994.81 ; 42.07 
20:36;BME280;25.75 ; 100992.11 ; 41.72 
20:36;BME280;25.75 ; 100988.52 ; 41.75 
20:36;BME280;25.76 ; 100996.51 ; 41.72 
20:36;BME280;25.77 ; 100991.94 ; 41.75 
20:37;BME280;25.77 ; 100981.98 ; 41.75 
20:37;BME280;25.78 ; 100989.09 ; 41.69 
20:37;BME280;25.75 ; 100986.69 ; 41.75 
20:37;BME280;25.75 ; 100983.10 ; 41.69 
20:37;BME280;25.75 ; 100983.98 ; 42.13 
20:37;BME280;25.75 ; 100983.98 ; 41.71 
20:38;BME280;25.75 ; 100994.81 ; 41.75 
20:38;BME280;25.75 ; 100991.23 ; 41.78 
20:38;BME280;25.75 ; 100983.98 ; 41.78 
20:38;BME280;25.77 ; 100986.52 ; 41.77 
20:38;BME280;25.73 ; 100985.98 ; 41.80 
20:38;BME280;25.75 ; 100991.23 ; 41.79 
20:39;BME280;25.75 ; 100994.81 ; 41.78 
20:39;BME280;25.75 ; 100994.81 ; 41.82 
20:39;BME280;25.72 ; 100989.66 ; 41.83 
20:39;BME280;25.72 ; 100981.54 ; 41.84 
20:39;BME280;25.71 ; 100993.39 ; 41.86 
20:39;BME280;25.71 ; 101003.38 ; 41.90 
20:40;BME280;25.72 ; 100977.98 ; 41.84 
20:40;BME280;25.74 ; 100981.41 ; 41.83 
20:40;BME280;25.74 ; 100984.11 ; 41.81 
20:40;BME280;25.75 ; 100978.56 ; 41.80 
20:40;BME280;25.72 ; 100981.54 ; 41.84 
20:40;BME280;25.69 ; 100984.58 ; 41.87 
20:41;BME280;25.70 ; 100980.86 ; 41.92 
20:41;BME280;25.71 ; 100993.39 ; 41.97 
20:41;BME280;25.71 ; 100989.83 ; 42.01 
20:41;BME280;25.73 ; 100982.42 ; 41.97 
20:41;BME280;25.73 ; 100987.84 ; 41.93 
20:41;BME280;25.76 ; 100982.12 ; 41.88 
20:42;BME280;25.76 ; 100985.67 ; 41.84 
20:42;BME280;25.79 ; 100990.79 ; 41.83 
20:42;BME280;25.80 ; 100981.65 ; 41.81 
20:42;BME280;25.81 ; 100985.20 ; 41.76 
20:42;BME280;25.82 ; 100984.19 ; 41.54 
20:42;BME280;25.83 ; 100988.63 ; 41.75 
20:43;BME280;25.81 ; 100983.34 ; 41.80 
20:43;BME280;25.81 ; 100980.63 ; 41.77 
20:43;BME280;25.81 ; 100986.05 ; 41.64 
20:43;BME280;25.81 ; 100983.34 ; 42.33 
20:43;BME280;25.82 ; 100987.78 ; 41.72 
20:43;BME280;25.82 ; 100989.61 ; 41.73 
20:44;BME280;25.80 ; 100987.07 ; 41.72 
20:44;BME280;25.78 ; 100983.68 ; 42.56 
20:44;BME280;25.79 ; 100989.94 ; 40.88 
20:44;BME280;25.79 ; 100977.25 ; 41.76 
20:44;BME280;25.80 ; 100987.07 ; 41.76 
20:44;BME280;25.79 ; 100982.66 ; 41.74 
20:45;BME280;25.80 ; 100978.09 ; 41.77 
20:45;BME280;25.80 ; 100976.23 ; 41.76 
20:45;BME280;25.80 ; 100978.94 ; 41.72 
20:45;BME280;25.82 ; 100976.06 ; 41.56 
20:45;BME280;25.82 ; 100978.78 ; 41.93 
20:45;BME280;25.83 ; 100981.34 ; 42.12 
20:46;BME280;25.84 ; 100983.05 ; 41.65 
20:46;BME280;25.84 ; 100976.78 ; 41.67 
20:46;BME280;25.84 ; 100983.05 ; 41.65 
20:46;BME280;25.84 ; 100976.78 ; 41.62 
20:46;BME280;25.85 ; 100976.61 ; 41.63 
20:46;BME280;25.84 ; 100974.92 ; 41.43 
20:47;BME280;25.86 ; 100977.45 ; 41.60 
20:47;BME280;25.87 ; 100976.47 ; 41.61 
20:47;BME280;25.84 ; 100979.48 ; 41.64 
20:47;BME280;25.82 ; 100982.36 ; 41.64 
20:47;BME280;25.82 ; 100976.95 ; 41.63 
20:47;BME280;25.84 ; 100977.63 ; 41.64 
20:48;BME280;25.84 ; 100974.92 ; 41.62 
20:48;BME280;25.85 ; 100973.91 ; 41.63 
20:48;BME280;25.84 ; 100980.33 ; 41.63 
20:48;BME280;25.83 ; 100973.22 ; 41.63 
20:48;BME280;25.82 ; 100979.66 ; 41.67 
20:48;BME280;25.81 ; 100977.92 ; 41.67 
20:49;BME280;25.81 ; 100982.50 ; 41.70 
20:49;BME280;25.80 ; 100978.94 ; 42.02 
20:49;BME280;25.79 ; 100970.98 ; 41.71 
20:49;BME280;25.76 ; 100974.84 ; 41.50 
20:49;BME280;25.77 ; 100981.11 ; 41.79 
20:49;BME280;25.77 ; 100976.56 ; 41.76 
20:50;BME280;25.79 ; 100979.95 ; 41.72 
20:50;BME280;25.80 ; 100986.22 ; 41.72 
20:50;BME280;25.80 ; 100987.07 ; 41.71 
20:50;BME280;25.79 ; 100976.41 ; 41.74 
20:50;BME280;25.79 ; 100979.11 ; 41.74 
20:50;BME280;25.79 ; 100974.54 ; 41.74 
20:51;BME280;25.81 ; 100982.50 ; 41.60 
20:51;BME280;25.82 ; 100979.66 ; 41.70 
20:51;BME280;25.83 ; 100980.50 ; 41.65 
20:51;BME280;25.83 ; 100975.93 ; 41.65 
20:51;BME280;25.84 ; 100983.05 ; 41.65 
20:51;BME280;25.84 ; 100980.33 ; 41.64 
20:52;BME280;25.83 ; 100977.80 ; 41.63 
20:52;BME280;25.82 ; 100978.78 ; 41.68 
20:52;BME280;25.81 ; 100982.50 ; 41.00 
20:52;BME280;25.80 ; 100978.09 ; 41.73 
20:52;BME280;25.78 ; 100983.68 ; 41.73 
20:52;BME280;25.81 ; 100979.79 ; 41.70 
20:53;BME280;25.83 ; 100973.22 ; 41.24 
20:53;BME280;25.85 ; 100981.18 ; 41.96 
20:53;BME280;25.85 ; 100979.32 ; 41.01 
20:53;BME280;25.86 ; 100978.30 ; 42.01 
20:53;BME280;25.85 ; 100979.32 ; 41.58 
20:53;BME280;25.85 ; 100983.89 ; 41.23 
20:54;BME280;25.85 ; 100973.05 ; 41.60 
20:54;BME280;25.83 ; 100981.34 ; 41.62 
20:54;BME280;25.81 ; 100975.22 ; 41.65 
20:54;BME280;25.80 ; 100976.23 ; 41.67 
20:54;BME280;25.82 ; 100981.48 ; 41.67 
20:54;BME280;25.79 ; 100985.38 ; 41.57 
20:55;BME280;25.80 ; 100980.80 ; 41.65 
20:55;BME280;25.80 ; 100978.94 ; 41.61 
20:55;BME280;25.81 ; 100977.92 ; 41.75 
20:55;BME280;25.81 ; 100980.63 ; 41.63 
20:55;BME280;25.82 ; 100981.48 ; 41.64 
20:55;BME280;25.81 ; 100983.34 ; 41.66 
20:56;BME280;25.83 ; 100986.77 ; 41.61 
20:56;BME280;25.84 ; 100977.63 ; 41.60 
20:56;BME280;25.85 ; 100973.05 ; 41.60 
20:56;BME280;25.86 ; 100972.89 ; 41.11 
20:56;BME280;25.87 ; 100982.73 ; 41.07 
20:56;BME280;25.87 ; 100977.32 ; 41.52 
20:57;BME280;25.87 ; 100980.03 ; 41.54 
20:57;BME280;25.87 ; 100974.61 ; 41.52 
20:57;BME280;25.87 ; 100977.32 ; 41.52 
20:57;BME280;25.89 ; 100975.30 ; 41.53 
20:57;BME280;25.87 ; 100977.32 ; 41.56 
20:57;BME280;25.89 ; 100975.30 ; 41.51 
20:58;BME280;25.89 ; 100979.86 ; 41.64 
20:58;BME280;25.88 ; 100976.31 ; 41.25 
20:58;BME280;25.91 ; 100976.98 ; 41.05 
20:58;BME280;25.91 ; 100976.98 ; 41.50 
20:58;BME280;25.89 ; 100974.45 ; 41.49 
20:58;BME280;25.91 ; 100982.41 ; 41.49 
20:59;BME280;25.89 ; 100978.00 ; 41.50 
20:59;BME280;25.91 ; 100976.98 ; 41.49 
20:59;BME280;25.89 ; 100980.71 ; 41.48 
20:59;BME280;25.90 ; 100981.56 ; 41.47 
20:59;BME280;25.89 ; 100972.58 ; 41.48 
20:59;BME280;25.91 ; 100974.28 ; 41.27 
21:00;BME280;25.92 ; 100979.56 ; 41.44 
21:00;BME280;25.91 ; 100976.98 ; 41.43 
21:00;BME280;25.91 ; 100976.98 ; 41.46 
21:00;BME280;25.91 ; 100976.98 ; 41.18 
21:00;BME280;25.92 ; 100974.14 ; 41.48 
21:00;BME280;25.91 ; 100976.98 ; 41.64 
21:01;BME280;25.91 ; 100982.41 ; 41.47 
21:01;BME280;25.90 ; 100976.14 ; 41.47 
21:01;BME280;25.91 ; 100974.28 ; 40.89 
21:01;BME280;25.89 ; 100975.30 ; 41.48 
21:01;BME280;25.86 ; 100977.45 ; 41.56 
21:01;BME280;25.85 ; 100973.05 ; 41.58 
21:02;BME280;25.86 ; 100981.02 ; 41.78 
21:02;BME280;25.86 ; 100981.02 ; 41.82 
21:02;BME280;25.86 ; 100978.30 ; 42.04 
21:02;BME280;25.86 ; 100975.59 ; 42.07 
21:02;BME280;25.87 ; 100980.03 ; 42.65 
21:02;BME280;25.87 ; 100971.91 ; 42.02 
21:03;BME280;25.85 ; 100968.48 ; 41.72 
21:03;BME280;25.86 ; 100972.04 ; 41.77 
21:03;BME280;25.84 ; 100977.63 ; 41.75 
21:03;BME280;25.86 ; 100975.59 ; 41.74 
21:03;BME280;25.84 ; 100969.50 ; 41.74 
21:03;BME280;25.86 ; 100975.59 ; 41.68 
21:04;BME280;25.87 ; 100965.64 ; 41.62 
21:04;BME280;25.86 ; 100975.59 ; 41.68 
21:04;BME280;25.85 ; 100976.61 ; 41.66 
21:04;BME280;25.85 ; 100973.91 ; 41.68 
21:04;BME280;25.85 ; 100971.19 ; 41.87 
21:04;BME280;25.85 ; 100968.48 ; 41.64 
21:05;BME280;25.86 ; 100970.17 ; 41.67 
21:05;BME280;25.88 ; 100972.75 ; 41.91 
21:05;BME280;25.88 ; 100979.02 ; 41.90 
21:05;BME280;25.88 ; 100983.59 ; 41.82 
21:05;BME280;25.88 ; 100976.31 ; 41.80 
21:05;BME280;25.89 ; 100975.30 ; 41.70 
21:06;BME280;25.92 ; 100981.39 ; 41.74 
21:06;BME280;25.92 ; 100973.27 ; 41.75 
21:06;BME280;25.90 ; 100976.14 ; 41.90 
21:06;BME280;25.92 ; 100981.39 ; 41.93 
21:06;BME280;25.92 ; 100973.27 ; 41.38 
21:06;BME280;25.92 ; 100979.56 ; 42.05 
21:07;BME280;25.93 ; 100970.42 ; 42.05 
21:07;BME280;25.95 ; 100978.38 ; 42.09 
21:07;BME280;25.93 ; 100980.41 ; 42.03 
21:07;BME280;25.92 ; 100984.98 ; 42.60 
21:07;BME280;25.96 ; 100980.07 ; 42.44 
21:07;BME280;25.97 ; 100976.38 ; 41.97 
21:08;BME280;25.94 ; 100982.10 ; 42.27 
21:08;BME280;25.96 ; 100974.66 ; 41.89 
21:08;BME280;25.97 ; 100979.09 ; 42.24 
21:08;BME280;25.98 ; 100980.78 ; 41.93 
21:08;BME280;25.98 ; 100978.08 ; 42.21 
21:08;BME280;25.99 ; 100979.77 ; 42.28 
21:09;BME280;25.98 ; 100978.92 ; 42.29 
21:09;BME280;26.01 ; 100988.58 ; 42.58 
21:09;BME280;26.02 ; 100979.46 ; 42.44 
21:09;BME280;26.01 ; 100972.31 ; 42.56 
21:09;BME280;26.01 ; 100977.73 ; 42.42 
21:09;BME280;26.01 ; 100985.86 ; 42.42 
21:10;BME280;26.01 ; 100983.16 ; 42.43 
21:10;BME280;26.00 ; 100978.75 ; 42.47 
21:10;BME280;26.02 ; 100976.75 ; 42.39 
21:10;BME280;26.03 ; 100978.45 ; 42.35 
21:10;BME280;26.02 ; 100983.02 ; 42.35 
21:10;BME280;26.03 ; 100998.27 ; 42.09 
21:11;BME280;26.03 ; 100998.27 ; 42.29 
21:11;BME280;26.04 ; 100990.98 ; 42.20 
21:11;BME280;26.04 ; 100997.25 ; 42.27 
21:11;BME280;26.03 ; 100992.00 ; 42.31 
21:11;BME280;26.01 ; 100988.58 ; 42.30 
21:11;BME280;26.02 ; 100993.01 ; 42.42 
21:12;BME280;26.02 ; 100987.59 ; 42.24 
21:12;BME280;25.98 ; 100989.76 ; 42.31 
21:12;BME280;25.98 ; 100992.47 ; 42.39 
21:12;BME280;25.99 ; 101001.44 ; 42.58 
21:12;BME280;25.98 ; 100994.33 ; 42.65 
21:12;BME280;25.96 ; 100991.75 ; 42.59 
21:13;BME280;25.96 ; 100990.91 ; 42.50 
21:13;BME280;25.96 ; 101001.74 ; 42.37 
21:13;BME280;25.93 ; 100989.38 ; 41.75 
21:13;BME280;25.93 ; 100991.24 ; 42.26 
21:13;BME280;25.91 ; 100985.96 ; 42.23 
21:13;BME280;25.93 ; 100991.24 ; 42.13 
21:14;BME280;25.92 ; 100989.52 ; 42.17 
21:14;BME280;25.89 ; 100991.55 ; 42.12 
21:14;BME280;25.87 ; 100992.73 ; 42.51 
21:14;BME280;25.84 ; 100993.03 ; 42.18 
21:14;BME280;25.84 ; 100993.03 ; 42.37 
21:14;BME280;25.84 ; 100987.61 ; 42.37 
